,Skills,rate
51,Management,5.0
16,Communications,3.368146214099217
55,Operations,2.764722947490572
61,Planning,2.764722947490572
78,Sales,2.764722947490572
63,Positivity,2.445604873803308
15,Collaboration,1.8189730200174064
44,Innovation,1.8189730200174064
64,Presentations,1.8189730200174064
21,Coordinating,1.8189730200174064
