,Skills,rate
51,Management,4.9902651994034715
55,Operations,4.05954143155025
78,Sales,3.7613624328290007
16,Communications,3.361860473377229
61,Planning,2.7597125924644144
63,Positivity,2.4412690015970604
21,Coordinating,1.815961586802983
15,Collaboration,1.7985919363920364
68,Professionalism,1.7653001064377223
44,Innovation,1.6639771457072006
