,Skills,rate
51,Management,4.999999999999998
55,Operations,4.06730490281404
78,Sales,3.768494342906875
16,Communications,3.368146214099216
61,Planning,2.7647229474905712
63,Positivity,2.4456048738033065
21,Coordinating,1.8189730200174061
15,Collaboration,1.8015665796344644
68,Professionalism,1.7682042355671594
44,Innovation,1.6666666666666663
