,Skills,rate
51,Management,4.106774006382361
55,Operations,3.3674064403829425
16,Communications,3.0698433420365565
78,Sales,3.000217580504789
61,Planning,2.6461125616478136
63,Positivity,2.4970554105018903
44,Innovation,1.7770960255294483
68,Professionalism,1.7390774586597055
15,Collaboration,1.7269654772265763
64,Presentations,1.724427038004063
