,Skills,rate
16,Communications,3.0180315807156264
51,Management,2.9506990109399767
78,Sales,2.8724404358143287
55,Operations,2.7538330774616724
61,Planning,2.6651380102287123
63,Positivity,2.3454169554830697
21,Coordinating,1.808745399609837
15,Collaboration,1.7956049760068948
68,Professionalism,1.7677284110856537
44,Innovation,1.6899914598753558
