,Skills,rate
51,Management,4.999985852909277
55,Operations,4.0672936702974765
78,Sales,3.768484283463295
16,Communications,3.36813670358924
61,Planning,2.764715789964227
63,Positivity,2.4455987204451204
21,Coordinating,1.8189683323968024
15,Collaboration,1.8015618794691457
68,Professionalism,1.7682002220986224
44,Innovation,1.6666627012322375
